I_bias_A,L_ac_H,I_ac_wdg_A
0.01,3.522268946794836e-05,-1.0
0.06067796610169492,3.481362582587269e-05,-1.0
0.11135593220338984,3.325295700408457e-05,-1.0
0.16203389830508477,3.121245515188482e-05,-1.0
0.2127118644067797,2.849650263360486e-05,-1.0
0.26338983050847464,2.606010015751315e-05,-1.0
0.31406779661016954,2.403885085091182e-05,-1.0
0.36474576271186443,2.220944304689034e-05,-1.0
0.4154237288135594,2.039911814440754e-05,-1.0
0.4661016949152543,1.880387619182399e-05,-1.0
0.5167796610169493,1.76054376902612e-05,-1.0
0.5674576271186441,1.677434957540252e-05,-1.0
0.6181355932203391,1.614365602645453e-05,-1.0
0.668813559322034,1.553772045141473e-05,-1.0
0.7194915254237289,1.485588322569392e-05,-1.0
0.7701694915254238,1.411189884106031e-05,-1.0
0.8208474576271187,1.335979020343522e-05,-1.0
0.8715254237288137,1.265448283844325e-05,-1.0
0.9222033898305086,1.203153488593748e-05,-1.0
0.9728813559322035,1.149986970776665e-05,-1.0
1.0235593220338985,1.104860845101102e-05,-1.0
1.0742372881355933,1.066215972557998e-05,-1.0
1.1249152542372882,1.032762827137605e-05,-1.0
1.1755932203389832,1.00344535784398e-05,-1.0
1.2262711864406781,9.775091120434468e-06,-1.0
1.276949152542373,9.544358996318254e-06,-1.0
1.327627118644068,9.337541931204943e-06,-1.0
1.378305084745763,9.150478744368832e-06,-1.0
1.4289830508474577,8.979912084980247e-06,-1.0
1.4796610169491526,8.822892402655036e-06,-1.0
1.5303389830508476,8.676403969611004e-06,-1.0
1.5810169491525425,8.537787223192419e-06,-1.0
1.6316949152542375,8.405100709437192e-06,-1.0
1.6823728813559324,8.277370414571829e-06,-1.0
1.7330508474576274,8.154060295609622e-06,-1.0
1.7837288135593223,8.034921410795125e-06,-1.0
1.8344067796610173,7.9199201701137e-06,-1.0
1.885084745762712,7.808979501515787e-06,-1.0
1.935762711864407,7.702071070504115e-06,-1.0
1.986440677966102,7.599144086238037e-06,-1.0
2.037118644067797,7.500050222153058e-06,-1.0
2.0877966101694914,7.40471784061175e-06,-1.0
2.1384745762711863,7.313039138395921e-06,-1.0
2.1891525423728813,7.224909656353252e-06,-1.0
2.239830508474576,7.140284098858896e-06,-1.0
2.290508474576271,7.059202299555982e-06,-1.0
2.341186440677966,6.981708670993614e-06,-1.0
2.391864406779661,6.907797284801769e-06,-1.0
2.442542372881356,6.837338416916425e-06,-1.0
2.493220338983051,6.770110820300524e-06,-1.0
2.543898305084746,6.705883641753543e-06,-1.0
2.594576271186441,6.644434951907168e-06,-1.0
2.645254237288136,6.585533232450742e-06,-1.0
2.6959322033898308,6.528999570969489e-06,-1.0
2.7466101694915257,6.47463860377373e-06,-1.0
2.7972881355932206,6.422276218910701e-06,-1.0
2.847966101694915,6.371831745483824e-06,-1.0
2.89864406779661,6.323180877993042e-06,-1.0
2.949322033898305,6.276282394812066e-06,-1.0
3.0,6.231100949534085e-06,-1.0
0.01,3.5223818791751175e-05,-0.8
0.06067796610169492,3.481389128242996e-05,-0.8
0.11135593220338984,3.324621868156761e-05,-0.8
0.16203389830508477,3.120093855657415e-05,-0.8
0.2127118644067797,2.845738459684811e-05,-0.8
0.26338983050847464,2.6014882819150996e-05,-0.8
0.31406779661016954,2.400354620116935e-05,-0.8
0.36474576271186443,2.218929420108281e-05,-0.8
0.4154237288135594,2.0353785819492122e-05,-0.8
0.4661016949152543,1.87441610000239e-05,-0.8
0.5167796610169493,1.755693120618301e-05,-0.8
0.5674576271186441,1.6745882313797337e-05,-0.8
0.6181355932203391,1.6140647224839947e-05,-0.8
0.668813559322034,1.5547464666621538e-05,-0.8
0.7194915254237289,1.4863967569753661e-05,-0.8
0.7701694915254238,1.4112187273865074e-05,-0.8
0.8208474576271187,1.3349932005043512e-05,-0.8
0.8715254237288137,1.2638495183123149e-05,-0.8
0.9222033898305086,1.2015223354715505e-05,-0.8
0.9728813559322035,1.1486223937194138e-05,-0.8
1.0235593220338985,1.103766025618489e-05,-0.8
1.0742372881355933,1.0653449842690629e-05,-0.8
1.1249152542372882,1.0320275289816685e-05,-0.8
1.1755932203389832,1.0027938214640864e-05,-0.8
1.2262711864406781,9.769540462292825e-06,-0.8
1.276949152542373,9.5399916654541e-06,-0.8
1.327627118644068,9.334129799490789e-06,-0.8
1.378305084745763,9.147781899398925e-06,-0.8
1.4289830508474577,8.977772297647573e-06,-0.8
1.4796610169491526,8.821385401763892e-06,-0.8
1.5303389830508476,8.675487938791841e-06,-0.8
1.5810169491525425,8.537282903446732e-06,-0.8
1.6316949152542375,8.404784599553399e-06,-0.8
1.6823728813559324,8.277069149465739e-06,-0.8
1.7330508474576274,8.153653077475021e-06,-0.8
1.7837288135593223,8.034379875360414e-06,-0.8
1.8344067796610173,7.919225928079862e-06,-0.8
1.885084745762712,7.80814362565425e-06,-0.8
1.935762711864407,7.70109872447856e-06,-0.8
1.986440677966102,7.597998004208273e-06,-0.8
2.037118644067797,7.498756111516534e-06,-0.8
2.0877966101694914,7.4032632873182746e-06,-0.8
2.1384745762711863,7.311417064768661e-06,-0.8
2.1891525423728813,7.223113052697447e-06,-0.8
2.239830508474576,7.13827842464731e-06,-0.8
2.290508474576271,7.056968744461523e-06,-0.8
2.341186440677966,6.979262421238036e-06,-0.8
2.391864406779661,6.905151838485984e-06,-0.8
2.442542372881356,6.8345055385420485e-06,-0.8
2.493220338983051,6.767108907644292e-06,-0.8
2.543898305084746,6.7027237922746285e-06,-0.8
2.594576271186441,6.641107007153364e-06,-0.8
2.645254237288136,6.582018098368217e-06,-0.8
2.6959322033898308,6.525277960380122e-06,-0.8
2.7466101694915257,6.4706738864961174e-06,-0.8
2.7972881355932206,6.418059023098622e-06,-0.8
2.847966101694915,6.367360567098523e-06,-0.8
2.89864406779661,6.318452725991073e-06,-0.8
2.949322033898305,6.271279399329439e-06,-0.8
3.0,6.225835241366562e-06,-0.8
0.01,3.5224730362556966e-05,-0.6
0.06067796610169492,3.481399844111022e-05,-0.6
0.11135593220338984,3.324099619394072e-05,-0.6
0.16203389830508477,3.119155876361197e-05,-0.6
0.2127118644067797,2.8428179434533664e-05,-0.6
0.26338983050847464,2.598063358568077e-05,-0.6
0.31406779661016954,2.3977075342098484e-05,-0.6
0.36474576271186443,2.217713393837532e-05,-0.6
0.4154237288135594,2.0320444211373934e-05,-0.6
0.4661016949152543,1.8698920412525418e-05,-0.6
0.5167796610169493,1.752198156111955e-05,-0.6
0.5674576271186441,1.67265455650916e-05,-0.6
0.6181355932203391,1.6143245675589726e-05,-0.6
0.668813559322034,1.5558896452701177e-05,-0.6
0.7194915254237289,1.4874993799569639e-05,-0.6
0.7701694915254238,1.4116360833189417e-05,-0.6
0.8208474576271187,1.3345913806340018e-05,-0.6
0.8715254237288137,1.2629182938132954e-05,-0.6
0.9222033898305086,1.2005939711959813e-05,-0.6
0.9728813559322035,1.1478938382745088e-05,-0.6
1.0235593220338985,1.1032263456107682e-05,-0.6
1.0742372881355933,1.0649797555100163e-05,-0.6
1.1249152542372882,1.0317313320909385e-05,-0.6
1.1755932203389832,1.002527754564638e-05,-0.6
1.2262711864406781,9.767580385216427e-06,-0.6
1.276949152542373,9.538798556380648e-06,-0.6
1.327627118644068,9.33353033824968e-06,-0.6
1.378305084745763,9.14760610184144e-06,-0.6
1.4289830508474577,8.977889925686901e-06,-0.6
1.4796610169491526,8.82185617407203e-06,-0.6
1.5303389830508476,8.676371661750188e-06,-0.6
1.5810169491525425,8.538376945159135e-06,-0.6
1.6316949152542375,8.405903333935348e-06,-0.6
1.6823728813559324,8.278025575830649e-06,-0.6
1.7330508474576274,8.154379416710476e-06,-0.6
1.7837288135593223,8.034798075864066e-06,-0.6
1.8344067796610173,7.919337751359055e-06,-0.6
1.885084745762712,7.807963397958622e-06,-0.6
1.935762711864407,7.700613181578262e-06,-0.6
1.986440677966102,7.597214235488709e-06,-0.6
2.037118644067797,7.4976705197701475e-06,-0.6
2.0877966101694914,7.401863911813235e-06,-0.6
2.1384745762711863,7.3096965771156524e-06,-0.6
2.1891525423728813,7.22105663982445e-06,-0.6
2.239830508474576,7.135855175449006e-06,-0.6
2.290508474576271,7.054151730405681e-06,-0.6
2.341186440677966,6.9760626087298086e-06,-0.6
2.391864406779661,6.901575212811331e-06,-0.6
2.442542372881356,6.830550712664501e-06,-0.6
2.493220338983051,6.762792591505167e-06,-0.6
2.543898305084746,6.698061659178552e-06,-0.6
2.594576271186441,6.636094442747489e-06,-0.6
2.645254237288136,6.576624897093185e-06,-0.6
2.6959322033898308,6.519477190429311e-06,-0.6
2.7466101694915257,6.4644490845268495e-06,-0.6
2.7972881355932206,6.411397849077501e-06,-0.6
2.847966101694915,6.36026411993931e-06,-0.6
2.89864406779661,6.310919383618613e-06,-0.6
2.949322033898305,6.263299580983971e-06,-0.6
3.0,6.217409848106217e-06,-0.6
0.01,3.522534666432307e-05,-0.4
0.06067796610169492,3.481384984911682e-05,-0.4
0.11135593220338984,3.3237414081197e-05,-0.4
0.16203389830508477,3.118536120526287e-05,-0.4
0.2127118644067797,2.84104826958184e-05,-0.4
0.26338983050847464,2.5959154513764396e-05,-0.4
0.31406779661016954,2.3961375518205794e-05,-0.4
0.36474576271186443,2.217466888961032e-05,-0.4
0.4154237288135594,2.0303277035007373e-05,-0.4
0.4661016949152543,1.867301958988621e-05,-0.4
0.5167796610169493,1.7504133731214637e-05,-0.4
0.5674576271186441,1.6720170890652993e-05,-0.4
0.6181355932203391,1.615479677763294e-05,-0.4
0.668813559322034,1.557600630321522e-05,-0.4
0.7194915254237289,1.4893273383547159e-05,-0.4
0.7701694915254238,1.4128847428834207e-05,-0.4
0.8208474576271187,1.335257592883106e-05,-0.4
0.8715254237288137,1.2631095122190798e-05,-0.4
0.9222033898305086,1.2007744052764343e-05,-0.4
0.9728813559322035,1.1481724417184451e-05,-0.4
1.0235593220338985,1.1035932755939305e-05,-0.4
1.0742372881355933,1.0654385652490607e-05,-0.4
1.1249152542372882,1.0321848768686121e-05,-0.4
1.1755932203389832,1.002939235286543e-05,-0.4
1.2262711864406781,9.771884167972209e-06,-0.4
1.276949152542373,9.543220844965345e-06,-0.4
1.327627118644068,9.338005852609412e-06,-0.4
1.378305084745763,9.1520763067015e-06,-0.4
1.4289830508474577,8.98227602450243e-06,-0.4
1.4796610169491526,8.8262480116059e-06,-0.4
1.5303389830508476,8.680791647182734e-06,-0.4
1.5810169491525425,8.542668081404382e-06,-0.4
1.6316949152542375,8.409919236203112e-06,-0.4
1.6823728813559324,8.281557637680346e-06,-0.4
1.7330508474576274,8.157322880944922e-06,-0.4
1.7837288135593223,8.037135710558672e-06,-0.4
1.8344067796610173,7.921004064377904e-06,-0.4
1.885084745762712,7.808975517067721e-06,-0.4
1.935762711864407,7.700971030516382e-06,-0.4
1.986440677966102,7.596913263215878e-06,-0.4
2.037118644067797,7.496705419732829e-06,-0.4
2.0877966101694914,7.400217035236687e-06,-0.4
2.1384745762711863,7.3073546213058426e-06,-0.4
2.1891525423728813,7.21799283646684e-06,-0.4
2.239830508474576,7.132034415483692e-06,-0.4
2.290508474576271,7.049533818335134e-06,-0.4
2.341186440677966,6.97064897559734e-06,-0.4
2.391864406779661,6.895355738807078e-06,-0.4
2.442542372881356,6.823508602719828e-06,-0.4
2.493220338983051,6.754949479623677e-06,-0.4
2.543898305084746,6.689414291642735e-06,-0.4
2.594576271186441,6.6266477855986204e-06,-0.4
2.645254237288136,6.56635148009073e-06,-0.4
2.6959322033898308,6.508332547784725e-06,-0.4
2.7466101694915257,6.452416646398185e-06,-0.4
2.7972881355932206,6.398487307811837e-06,-0.4
2.847966101694915,6.346471456345333e-06,-0.4
2.89864406779661,6.296243927310583e-06,-0.4
2.949322033898305,6.2477314210933725e-06,-0.4
3.0,6.200956339945604e-06,-0.4
0.01,3.522553997335167e-05,-0.2
0.06067796610169492,3.481294669102049e-05,-0.2
0.11135593220338984,3.323591942690759e-05,-0.2
0.16203389830508477,3.118516388120815e-05,-0.2
0.2127118644067797,2.8411133680976895e-05,-0.2
0.26338983050847464,2.5958048090496667e-05,-0.2
0.31406779661016954,2.3966671422991706e-05,-0.2
0.36474576271186443,2.2194595020706363e-05,-0.2
0.4154237288135594,2.031845658209812e-05,-0.2
0.4661016949152543,1.8684829654153605e-05,-0.2
0.5167796610169493,1.752150218707505e-05,-0.2
0.5674576271186441,1.6745351341513306e-05,-0.2
0.6181355932203391,1.619394899519622e-05,-0.2
0.668813559322034,1.5620351063944414e-05,-0.2
0.7194915254237289,1.494083359909191e-05,-0.2
0.7701694915254238,1.417270440077349e-05,-0.2
0.8208474576271187,1.3392367555755305e-05,-0.2
0.8715254237288137,1.2665851708039395e-05,-0.2
0.9222033898305086,1.2040496708527699e-05,-0.2
0.9728813559322035,1.1513169443255479e-05,-0.2
1.0235593220338985,1.1066275985720663e-05,-0.2
1.0742372881355933,1.068371246580443e-05,-0.2
1.1249152542372882,1.0349369163206535e-05,-0.2
1.1755932203389832,1.0054788216184363e-05,-0.2
1.2262711864406781,9.79567479241004e-06,-0.2
1.276949152542373,9.565569365360639e-06,-0.2
1.327627118644068,9.35899141624686e-06,-0.2
1.378305084745763,9.171857300103965e-06,-0.2
1.4289830508474577,9.000955532192135e-06,-0.2
1.4796610169491526,8.84395833242969e-06,-0.2
1.5303389830508476,8.697535734668589e-06,-0.2
1.5810169491525425,8.558348331203869e-06,-0.2
1.6316949152542375,8.42421770610342e-06,-0.2
1.6823728813559324,8.294270404161094e-06,-0.2
1.7330508474576274,8.16827382789048e-06,-0.2
1.7837288135593223,8.046123728651745e-06,-0.2
1.8344067796610173,7.9279342734571e-06,-0.2
1.885084745762712,7.81386797399207e-06,-0.2
1.935762711864407,7.703808247637694e-06,-0.2
1.986440677966102,7.59769656483597e-06,-0.2
2.037118644067797,7.495415580664489e-06,-0.2
2.0877966101694914,7.396800514197334e-06,-0.2
2.1384745762711863,7.301788329630624e-06,-0.2
2.1891525423728813,7.210189262235244e-06,-0.2
2.239830508474576,7.121923823457515e-06,-0.2
2.290508474576271,7.037029981332785e-06,-0.2
2.341186440677966,6.95570980556282e-06,-0.2
2.391864406779661,6.877935056754155e-06,-0.2
2.442542372881356,6.80355453411654e-06,-0.2
2.493220338983051,6.73246512389489e-06,-0.2
2.543898305084746,6.66437374017276e-06,-0.2
2.594576271186441,6.599046989734345e-06,-0.2
2.645254237288136,6.53613079790378e-06,-0.2
2.6959322033898308,6.47549320789366e-06,-0.2
2.7466101694915257,6.4168877107010545e-06,-0.2
2.7972881355932206,6.36030483775125e-06,-0.2
2.847966101694915,6.30562765557675e-06,-0.2
2.89864406779661,6.252737383754255e-06,-0.2
2.949322033898305,6.201556665710359e-06,-0.2
3.0,6.1521263539776905e-06,-0.2
0.01,3.522433162436816e-05,-0.05
0.06067796610169492,3.48069273151846e-05,-0.05
0.11135593220338984,3.324013954268306e-05,-0.05
0.16203389830508477,3.1211882375135255e-05,-0.05
0.2127118644067797,2.848968362546114e-05,-0.05
0.26338983050847464,2.6042246526367777e-05,-0.05
0.31406779661016954,2.4077748123194575e-05,-0.05
0.36474576271186443,2.235020988325226e-05,-0.05
0.4154237288135594,2.0505202214524118e-05,-0.05
0.4661016949152543,1.8884347567565045e-05,-0.05
0.5167796610169493,1.7728122889573345e-05,-0.05
0.5674576271186441,1.6959689205261382e-05,-0.05
0.6181355932203391,1.642985221101394e-05,-0.05
0.668813559322034,1.5875974805434055e-05,-0.05
0.7194915254237289,1.5210550620470771e-05,-0.05
0.7701694915254238,1.4445699620470648e-05,-0.05
0.8208474576271187,1.365884169197583e-05,-0.05
0.8715254237288137,1.291702821955256e-05,-0.05
0.9222033898305086,1.2276032310126168e-05,-0.05
0.9728813559322035,1.1735040248549616e-05,-0.05
1.0235593220338985,1.1275779154268653e-05,-0.05
1.0742372881355933,1.0881157235644482e-05,-0.05
1.1249152542372882,1.0533935612687955e-05,-0.05
1.1755932203389832,1.0226011141462514e-05,-0.05
1.2262711864406781,9.954317009087173e-06,-0.05
1.276949152542373,9.712704156321711e-06,-0.05
1.327627118644068,9.495530116169005e-06,-0.05
1.378305084745763,9.299497631270669e-06,-0.05
1.4289830508474577,9.120922675023454e-06,-0.05
1.4796610169491526,8.956670860479009e-06,-0.05
1.5303389830508476,8.803164344403402e-06,-0.05
1.5810169491525425,8.656267130684644e-06,-0.05
1.6316949152542375,8.513392117506748e-06,-0.05
1.6823728813559324,8.373529607427364e-06,-0.05
1.7330508474576274,8.236600575034053e-06,-0.05
1.7837288135593223,8.10300643147789e-06,-0.05
1.8344067796610173,7.972284431425804e-06,-0.05
1.885084745762712,7.845919028576302e-06,-0.05
1.935762711864407,7.723222822746222e-06,-0.05
1.986440677966102,7.604806824523706e-06,-0.05
2.037118644067797,7.489968607215193e-06,-0.05
2.0877966101694914,7.378488676523376e-06,-0.05
2.1384745762711863,7.270407295424342e-06,-0.05
2.1891525423728813,7.165292187514931e-06,-0.05
2.239830508474576,7.06311825268615e-06,-0.05
2.290508474576271,6.963883836049054e-06,-0.05
2.341186440677966,6.867879387346365e-06,-0.05
2.391864406779661,6.775118070856742e-06,-0.05
2.442542372881356,6.685451854039768e-06,-0.05
2.493220338983051,6.599054278156224e-06,-0.05
2.543898305084746,6.515403680152648e-06,-0.05
2.594576271186441,6.434434075230372e-06,-0.05
2.645254237288136,6.355704131258641e-06,-0.05
2.6959322033898308,6.279290124337484e-06,-0.05
2.7466101694915257,6.204630470052876e-06,-0.05
2.7972881355932206,6.131981927599777e-06,-0.05
2.847966101694915,6.061326168083184e-06,-0.05
2.89864406779661,5.992439037127133e-06,-0.05
2.949322033898305,5.9252722249833e-06,-0.05
3.0,5.8599234073519535e-06,-0.05
0.01,3.522789929125646e-05,0.05
0.06067796610169492,3.48231028917628e-05,0.05
0.11135593220338984,3.322698338491332e-05,0.05
0.16203389830508477,3.113644424610696e-05,0.05
0.2127118644067797,2.826960726869488e-05,0.05
0.26338983050847464,2.580422238600664e-05,0.05
0.31406779661016954,2.376973077770688e-05,0.05
0.36474576271186443,2.1930134776125758e-05,0.05
0.4154237288135594,1.999347291863088e-05,0.05
0.4661016949152543,1.8333498880937526e-05,0.05
0.5167796610169493,1.7162197748511016e-05,0.05
0.5674576271186441,1.6378519631211362e-05,0.05
0.6181355932203391,1.5800918709709624e-05,0.05
0.668813559322034,1.5196040624342786e-05,0.05
0.7194915254237289,1.4494352513928652e-05,0.05
0.7701694915254238,1.3716491027799942e-05,0.05
0.8208474576271187,1.294448259199477e-05,0.05
0.8715254237288137,1.2240745837288212e-05,0.05
0.9222033898305086,1.1642272178583885e-05,0.05
0.9728813559322035,1.1138638270880162e-05,0.05
1.0235593220338985,1.0713116963960672e-05,0.05
1.0742372881355933,1.0351573483760134e-05,0.05
1.1249152542372882,1.0038897789194388e-05,0.05
1.1755932203389832,9.766535141745046e-06,0.05
1.2262711864406781,9.529054629482661e-06,0.05
1.276949152542373,9.318386085205938e-06,0.05
1.327627118644068,9.129416208379942e-06,0.05
1.378305084745763,8.957467122789006e-06,0.05
1.4289830508474577,8.799758711226778e-06,0.05
1.4796610169491526,8.654868380341463e-06,0.05
1.5303389830508476,8.520701475995608e-06,0.05
1.5810169491525425,8.394618741152233e-06,0.05
1.6316949152542375,8.275257139768257e-06,0.05
1.6823728813559324,8.161771381185791e-06,0.05
1.7330508474576274,8.05388486348351e-06,0.05
1.7837288135593223,7.951006075813923e-06,0.05
1.8344067796610173,7.85359234109063e-06,0.05
1.885084745762712,7.760033492397895e-06,0.05
1.935762711864407,7.67096061709134e-06,0.05
1.986440677966102,7.5854743353031194e-06,0.05
2.037118644067797,7.504149059031917e-06,0.05
2.0877966101694914,7.427010124733868e-06,0.05
2.1384745762711863,7.3538199348323195e-06,0.05
2.1891525423728813,7.284752377055862e-06,0.05
2.239830508474576,7.219686887844798e-06,0.05
2.290508474576271,7.158690364599079e-06,0.05
2.341186440677966,7.101862954096537e-06,0.05
2.391864406779661,7.049080465557208e-06,0.05
2.442542372881356,7.000168177798834e-06,0.05
2.493220338983051,6.95462060988986e-06,0.05
2.543898305084746,6.91249236628926e-06,0.05
2.594576271186441,6.8732776272052955e-06,0.05
2.645254237288136,6.83675067331684e-06,0.05
2.6959322033898308,6.802381120591032e-06,0.05
2.7466101694915257,6.770556719080706e-06,0.05
2.7972881355932206,6.740732752370826e-06,0.05
2.847966101694915,6.712686308938162e-06,0.05
2.89864406779661,6.686457037527984e-06,0.05
2.949322033898305,6.661910640518518e-06,0.05
3.0,6.639007851713565e-06,0.05
0.01,3.522643095478684e-05,0.2
0.06067796610169492,3.481698767897214e-05,0.2
0.11135593220338984,3.3232667785690456e-05,0.2
0.16203389830508477,3.116637275511415e-05,0.2
0.2127118644067797,2.83563726013382e-05,0.2
0.26338983050847464,2.5898363530749762e-05,0.2
0.31406779661016954,2.3889582355485203e-05,0.2
0.36474576271186443,2.2089807033474107e-05,0.2
0.4154237288135594,2.0190991441080978e-05,0.2
0.4661016949152543,1.854732691370956e-05,0.2
0.5167796610169493,1.73800673221015e-05,0.2
0.5674576271186441,1.6599666872886985e-05,0.2
0.6181355932203391,1.603670959350496e-05,0.2
0.668813559322034,1.545043994582115e-05,0.2
0.7194915254237289,1.4762032866283739e-05,0.2
0.7701694915254238,1.3990714105200904e-05,0.2
0.8208474576271187,1.3214099533921579e-05,0.2
0.8715254237288137,1.2496823475276055e-05,0.2
0.9222033898305086,1.18820232803885e-05,0.2
0.9728813559322035,1.136406116026206e-05,0.2
1.0235593220338985,1.092563070221444e-05,0.2
1.0742372881355933,1.0551348053662464e-05,0.2
1.1249152542372882,1.0225615640075909e-05,0.2
1.1755932203389832,9.939910823247024e-06,0.2
1.2262711864406781,9.689315256360739e-06,0.2
1.276949152542373,9.466903614659134e-06,0.2
1.327627118644068,9.267232478079549e-06,0.2
1.378305084745763,9.086161252560594e-06,0.2
1.4289830508474577,8.920563354842389e-06,0.2
1.4796610169491526,8.768427860877009e-06,0.2
1.5303389830508476,8.62693665886292e-06,0.2
1.5810169491525425,8.492952315470979e-06,0.2
1.6316949152542375,8.364717145144499e-06,0.2
1.6823728813559324,8.241359448274804e-06,0.2
1.7330508474576274,8.12259652077898e-06,0.2
1.7837288135593223,8.008160851356169e-06,0.2
1.8344067796610173,7.89822146763189e-06,0.2
1.885084745762712,7.792367239803094e-06,0.2
1.935762711864407,7.690662601839095e-06,0.2
1.986440677966102,7.592841993965505e-06,0.2
2.037118644067797,7.49895412119946e-06,0.2
2.0877966101694914,7.40893807257374e-06,0.2
2.1384745762711863,7.32267901503244e-06,0.2
2.1891525423728813,7.24008905716575e-06,0.2
2.239830508474576,7.16110292476998e-06,0.2
2.290508474576271,7.08576386261217e-06,0.2
2.341186440677966,7.01423941654714e-06,0.2
2.391864406779661,6.9464631229111095e-06,0.2
2.442542372881356,6.882254436670725e-06,0.2
2.493220338983051,6.821383767974805e-06,0.2
2.543898305084746,6.763668674648375e-06,0.2
2.594576271186441,6.708778609804419e-06,0.2
2.645254237288136,6.65637730253077e-06,0.2
2.6959322033898308,6.606281158015805e-06,0.2
2.7466101694915257,6.55838199995959e-06,0.2
2.7972881355932206,6.512495650879635e-06,0.2
2.847966101694915,6.468468876794234e-06,0.2
2.89864406779661,6.426238738081769e-06,0.2
2.949322033898305,6.385708426446205e-06,0.2
3.0,6.34688728989815e-06,0.2
0.01,3.5225790808732845e-05,0.4
0.06067796610169492,3.481584631580337e-05,0.4
0.11135593220338984,3.3235846900866225e-05,0.4
0.16203389830508477,3.11759690836893e-05,0.4
0.2127118644067797,2.8383531066215627e-05,0.4
0.26338983050847464,2.5929034060148726e-05,0.4
0.31406779661016954,2.3922727667812608e-05,0.4
0.36474576271186443,2.2122638272106737e-05,0.4
0.4154237288135594,2.0240269483467607e-05,0.4
0.4661016949152543,1.860461728809064e-05,0.4
0.5167796610169493,1.7433454714370507e-05,0.4
0.5674576271186441,1.6646745709548953e-05,0.4
0.6181355932203391,1.60761022216413e-05,0.4
0.668813559322034,1.5491196895772084e-05,0.4
0.7194915254237289,1.4804236500550281e-05,0.4
0.7701694915254238,1.4038342186404354e-05,0.4
0.8208474576271187,1.3263938056175565e-05,0.4
0.8715254237288137,1.254668427176025e-05,0.4
0.9222033898305086,1.1928396613009462e-05,0.4
0.9728813559322035,1.14070965452603e-05,0.4
1.0235593220338985,1.0965641587040186e-05,0.4
1.0742372881355933,1.058829220138899e-05,0.4
1.1249152542372882,1.026003411859804e-05,0.4
1.1755932203389832,9.971905080980123e-06,0.4
1.2262711864406781,9.718533247355771e-06,0.4
1.276949152542373,9.493714217157425e-06,0.4
1.327627118644068,9.291923676689178e-06,0.4
1.378305084745763,9.109003525307074e-06,0.4
1.4289830508474577,8.941942212213207e-06,0.4
1.4796610169491526,8.788381549473714e-06,0.4
1.5303389830508476,8.645441687586743e-06,0.4
1.5810169491525425,8.509991206936976e-06,0.4
1.6316949152542375,8.380177667626617e-06,0.4
1.6823728813559324,8.255141677693342e-06,0.4
1.7330508474576274,8.134490397352567e-06,0.4
1.7837288135593223,8.01815383823634e-06,0.4
1.8344067796610173,7.906115213369896e-06,0.4
1.885084745762712,7.79817982818921e-06,0.4
1.935762711864407,7.694347503493831e-06,0.4
1.986440677966102,7.5944536666466946e-06,0.4
2.037118644067797,7.4984728923026565e-06,0.4
2.0877966101694914,7.40629987202348e-06,0.4
2.1384745762711863,7.317844714617284e-06,0.4
2.1891525423728813,7.232990167884089e-06,0.4
2.239830508474576,7.1516749841226795e-06,0.4
2.290508474576271,7.073951004748539e-06,0.4
2.341186440677966,6.99996754056982e-06,0.4
2.391864406779661,6.929671826136432e-06,0.4
2.442542372881356,6.862899375390674e-06,0.4
2.493220338983051,6.799448846205362e-06,0.4
2.543898305084746,6.739091198159396e-06,0.4
2.594576271186441,6.681547882357562e-06,0.4
2.645254237288136,6.626488536267557e-06,0.4
2.6959322033898308,6.5737418123108525e-06,0.4
2.7466101694915257,6.523157707183162e-06,0.4
2.7972881355932206,6.474564126068099e-06,0.4
2.847966101694915,6.427892164979858e-06,0.4
2.89864406779661,6.382989572621745e-06,0.4
2.949322033898305,6.339795380732085e-06,0.4
3.0,6.298317040614012e-06,0.4
0.01,3.5225025219188915e-05,0.6
0.06067796610169492,3.4815306859014115e-05,0.6
0.11135593220338984,3.3240011363145485e-05,0.6
0.16203389830508477,3.118532858567655e-05,0.6
0.2127118644067797,2.8410687354947835e-05,0.6
0.26338983050847464,2.5960299269520534e-05,0.6
0.31406779661016954,2.39511480355882e-05,0.6
0.36474576271186443,2.2142804406872732e-05,0.6
0.4154237288135594,2.0279189530391236e-05,0.6
0.4661016949152543,1.8653708958109517e-05,0.6
0.5167796610169493,1.7474888722132584e-05,0.6
0.5674576271186441,1.6677045588537668e-05,0.6
0.6181355932203391,1.609062561885127e-05,0.6
0.668813559322034,1.550253834493e-05,0.6
0.7194915254237289,1.481599605222068e-05,0.6
0.7701694915254238,1.405655623093097e-05,0.6
0.8208474576271187,1.328732329513639e-05,0.6
0.8715254237288137,1.2573028645437594e-05,0.6
0.9222033898305086,1.1952961876242239e-05,0.6
0.9728813559322035,1.1429125456440352e-05,0.6
1.0235593220338985,1.0985419291131751e-05,0.6
1.0742372881355933,1.0605781048761895e-05,0.6
1.1249152542372882,1.0276142264356643e-05,0.6
1.1755932203389832,9.986864333763833e-06,0.6
1.2262711864406781,9.731856173492084e-06,0.6
1.276949152542373,9.505585521551521e-06,0.6
1.327627118644068,9.302573745158742e-06,0.6
1.378305084745763,9.118704669753287e-06,0.6
1.4289830508474577,8.950853378742669e-06,0.6
1.4796610169491526,8.796511379308153e-06,0.6
1.5303389830508476,8.652792372330475e-06,0.6
1.5810169491525425,8.516602254873052e-06,0.6
1.6316949152542375,8.386102209418733e-06,0.6
1.6823728813559324,8.260455651721023e-06,0.6
1.7330508474576274,8.139163657230347e-06,0.6
1.7837288135593223,8.022160187616837e-06,0.6
1.8344067796610173,7.909370694898881e-06,0.6
1.885084745762712,7.800733575676983e-06,0.6
1.935762711864407,7.696148930715281e-06,0.6
1.986440677966102,7.595542545161811e-06,0.6
2.037118644067797,7.498843183973134e-06,0.6
2.0877966101694914,7.405945124470249e-06,0.6
2.1384745762711863,7.316728805914977e-06,0.6
2.1891525423728813,7.231104915977109e-06,0.6
2.239830508474576,7.149005382767044e-06,0.6
2.290508474576271,7.070485757972872e-06,0.6
2.341186440677966,6.995668377256975e-06,0.6
2.391864406779661,6.924508039772878e-06,0.6
2.442542372881356,6.856854458677967e-06,0.6
2.493220338983051,6.792505619789639e-06,0.6
2.543898305084746,6.7312142235208995e-06,0.6
2.594576271186441,6.672727272728883e-06,0.6
2.645254237288136,6.616748592391779e-06,0.6
2.6959322033898308,6.56310457163156e-06,0.6
2.7466101694915257,6.511609001726607e-06,0.6
2.7972881355932206,6.4621194892844246e-06,0.6
2.847966101694915,6.414542498747365e-06,0.6
2.89864406779661,6.368742243652737e-06,0.6
2.949322033898305,6.324661793802412e-06,0.6
3.0,6.28229788709628e-06,0.6
0.01,3.5224038701258934e-05,0.8
0.06067796610169492,3.481485086351073e-05,0.8
0.11135593220338984,3.32455384030113e-05,0.8
0.16203389830508477,3.119630750060138e-05,0.8
0.2127118644067797,2.8444775164633387e-05,0.8
0.26338983050847464,2.599940884161581e-05,0.8
0.31406779661016954,2.3983962630887085e-05,0.8
0.36474576271186443,2.2163909415048114e-05,0.8
0.4154237288135594,2.0323538702323775e-05,0.8
0.4661016949152543,1.8710679657181723e-05,0.8
0.5167796610169493,1.752162840404535e-05,0.8
0.5674576271186441,1.670832164158225e-05,0.8
0.6181355932203391,1.6100978373637174e-05,0.8
0.668813559322034,1.55053949197827e-05,0.8
0.7194915254237289,1.4820084338430312e-05,0.8
0.7701694915254238,1.4067889548668274e-05,0.8
0.8208474576271187,1.3306448095353548e-05,0.8
0.8715254237288137,1.2596566097544337e-05,0.8
0.9222033898305086,1.1975431099309941e-05,0.8
0.9728813559322035,1.1448796654093643e-05,0.8
1.0235593220338985,1.1002529731599519e-05,0.8
1.0742372881355933,1.0620488640202836e-05,0.8
1.1249152542372882,1.0289398598850266e-05,0.8
1.1755932203389832,9.999039793711737e-06,0.8
1.2262711864406781,9.742588873635975e-06,0.8
1.276949152542373,9.514870629016684e-06,0.8
1.327627118644068,9.310701201232533e-06,0.8
1.378305084745763,9.125904028692492e-06,0.8
1.4289830508474577,8.95732426922927e-06,0.8
1.4796610169491526,8.802270457598186e-06,0.8
1.5303389830508476,8.657772902229108e-06,0.8
1.5810169491525425,8.52097209390197e-06,0.8
1.6316949152542375,8.389970235628222e-06,0.8
1.6823728813559324,8.263926482748934e-06,0.8
1.7330508474576274,8.142269680319132e-06,0.8
1.7837288135593223,8.024889793175469e-06,0.8
1.8344067796610173,7.911709537327158e-06,0.8
1.885084745762712,7.802678532073535e-06,0.8
1.935762711864407,7.697701816756371e-06,0.8
1.986440677966102,7.596711023059811e-06,0.8
2.037118644067797,7.499627592573104e-06,0.8
2.0877966101694914,7.40633804288128e-06,0.8
2.1384745762711863,7.316727930922293e-06,0.8
2.1891525423728813,7.230702898362104e-06,0.8
2.239830508474576,7.148199757645093e-06,0.8
2.290508474576271,7.0692795221459635e-06,0.8
2.341186440677966,6.994025666945105e-06,0.8
2.391864406779661,6.922408467764295e-06,0.8
2.442542372881356,6.854281833783613e-06,0.8
2.493220338983051,6.7894354341801505e-06,0.8
2.543898305084746,6.7276271387015565e-06,0.8
2.594576271186441,6.668618034179185e-06,0.8
2.645254237288136,6.6121349547358354e-06,0.8
2.6959322033898308,6.558020780155559e-06,0.8
2.7466101694915257,6.506052929403022e-06,0.8
2.7972881355932206,6.456105197710327e-06,0.8
2.847966101694915,6.40806718572538e-06,0.8
2.89864406779661,6.361808936387041e-06,0.8
2.949322033898305,6.317286761884659e-06,0.8
3.0,6.274481845394538e-06,0.8
0.01,3.522286435753047e-05,1.0
0.06067796610169492,3.481437307023784e-05,1.0
0.11135593220338984,3.325246748990331e-05,1.0
0.16203389830508477,3.120878738480414e-05,1.0
0.2127118644067797,2.848694930302073e-05,1.0
0.26338983050847464,2.604754481002054e-05,1.0
0.31406779661016954,2.402306677795756e-05,1.0
0.36474576271186443,2.218947595888598e-05,1.0
0.4154237288135594,2.037555907436242e-05,1.0
0.4661016949152543,1.877754637192731e-05,1.0
0.5167796610169493,1.757717605726509e-05,1.0
0.5674576271186441,1.67439774551372e-05,1.0
0.6181355932203391,1.611170689543013e-05,1.0
0.668813559322034,1.550425541957021e-05,1.0
0.7194915254237289,1.482116279993134e-05,1.0
0.7701694915254238,1.407699641725159e-05,1.0
0.8208474576271187,1.332541549840429e-05,1.0
0.8715254237288137,1.262113563049159e-05,1.0
0.9222033898305086,1.199968125092691e-05,1.0
0.9728813559322035,1.146987814075967e-05,1.0
1.0235593220338985,1.10205005867439e-05,1.0
1.0742372881355933,1.063582416731168e-05,1.0
1.1249152542372882,1.030291594566391e-05,1.0
1.1755932203389832,1.001126941931132e-05,1.0
1.2262711864406781,9.753369874515577e-06,1.0
1.276949152542373,9.524056624044023e-06,1.0
1.327627118644068,9.31858882201682e-06,1.0
1.378305084745763,9.132773886585657e-06,1.0
1.4289830508474577,8.96339169826175e-06,1.0
1.4796610169491526,8.80751882954936e-06,1.0
1.5303389830508476,8.662175323730695e-06,1.0
1.5810169491525425,8.52474436237023e-06,1.0
1.6316949152542375,8.39329684469749e-06,1.0
1.6823728813559324,8.266881904565671e-06,1.0
1.7330508474576274,8.144958008538591e-06,1.0
1.7837288135593223,8.027318576186254e-06,1.0
1.8344067796610173,7.913873838783685e-06,1.0
1.885084745762712,7.804572364920828e-06,1.0
1.935762711864407,7.699331006099485e-06,1.0
1.986440677966102,7.598083264377447e-06,1.0
2.037118644067797,7.500739169270669e-06,1.0
2.0877966101694914,7.40718973927697e-06,1.0
2.1384745762711863,7.31731890938781e-06,1.0
2.1891525423728813,7.2310327531613e-06,1.0
2.239830508474576,7.148280497788117e-06,1.0
2.290508474576271,7.069112591630665e-06,1.0
2.341186440677966,6.993577105990857e-06,1.0
2.391864406779661,6.921658156164809e-06,1.0
2.442542372881356,6.853207367394696e-06,1.0
2.493220338983051,6.788014524839693e-06,1.0
2.543898305084746,6.725845328044603e-06,1.0
2.594576271186441,6.666468260850984e-06,1.0
2.645254237288136,6.60965235695567e-06,1.0
2.6959322033898308,6.555216540282121e-06,1.0
2.7466101694915257,6.502952655556472e-06,1.0
2.7972881355932206,6.452718237548767e-06,1.0
2.847966101694915,6.404391696939318e-06,1.0
2.89864406779661,6.357857687260039e-06,1.0
2.949322033898305,6.313068616519822e-06,1.0
3.0,6.269999774835312e-06,1.0
